timestamp,circulating_supply
2020-01-01,11959.235836460388
2020-01-02,26902.309359262214
2020-01-03,51322.32112756652
2020-01-04,22032.877342847438
2020-01-05,24340.858764178065
2020-01-06,45381.976685916874
2020-01-07,73532.84318951615
2020-01-08,86885.18457704333
2020-01-09,40448.4200963242
2020-01-10,53860.18676338258
2020-01-11,31161.770946267592
2020-01-12,17380.402080794574
2020-01-13,22751.63147623653
2020-01-14,87076.61408465073
2020-01-15,50059.7323540458
2020-01-16,33371.795927120766
2020-01-17,48663.81682168181
2020-01-18,19848.67040322001
2020-01-19,48431.93547093451
2020-01-20,21918.777380898606
2020-01-21,22510.953802018143
2020-01-22,17295.74788918297
2020-01-23,38511.1153511677
2020-01-24,27693.20341968125
2020-01-25,14299.942042061475
2020-01-26,22085.27443134857
2020-01-27,37017.465298114155
2020-01-28,50172.741453603456
2020-01-29,37180.56501273936
2020-01-30,45342.4369575788
2020-01-31,31323.116427234185
2020-02-01,14770.61432476064
2020-02-02,24139.340427993677
2020-02-03,33622.18240578063
2020-02-04,26711.567398751413
2020-02-05,46650.89028260132
2020-02-06,42058.26395779349
2020-02-07,25473.392930112677
2020-02-08,24686.387437173238
2020-02-09,33501.575118775945
2020-02-10,41210.70414880052
2020-02-11,48261.170094153225
2020-02-12,43439.690731382994
2020-02-13,49637.4541155754
2020-02-14,28706.463850229284
2020-02-15,30369.14384534543
2020-02-16,27421.915299062715
2020-02-17,37073.30374708322
2020-02-18,37600.38879166421
2020-02-19,49268.81471044308
2020-02-20,36731.88885604862
2020-02-21,30269.168403132237
2020-02-22,12218.583834291825
2020-02-23,22861.025938647283
2020-02-24,34260.693440022515
2020-02-25,35354.92280204976
2020-02-26,66908.45470972877
2020-02-27,46891.97521623307
2020-02-28,41378.96461409128
2020-02-29,17138.42599629042
2020-03-01,25653.826485663292
2020-03-02,32543.65815707633
2020-03-03,28772.64580614396
2020-03-04,22137.994575884055
2020-03-05,33631.11051569067
2020-03-06,20978.16399083445
2020-03-07,21009.639989802017
2020-03-08,66194.24104983202
2020-03-09,85944.95106490106
2020-03-10,54129.316078209835
2020-03-11,46908.42897867435
2020-03-12,359885.3169513381
2020-03-13,295262.9178635723
2020-03-14,91578.67416925104
2020-03-15,106159.16360588535
2020-03-16,197554.38717740335
2020-03-17,115906.96517762466
2020-03-18,106493.70330644773
2020-03-19,140450.29437434516
2020-03-20,152589.5839869555
2020-03-21,67109.31907389802
2020-03-22,78448.80484373258
2020-03-23,102701.05161658362
2020-03-24,103506.11157971267
2020-03-25,84590.14821315734
2020-03-26,44706.05658372731
2020-03-27,59739.14450084602
2020-03-28,60532.13535407494
2020-03-29,48755.550673217505
2020-03-30,69627.78346042905
2020-03-31,36367.944222952516
2020-04-01,56600.419101900916
2020-04-02,93368.69968931958
2020-04-03,56295.54183175952
2020-04-04,33456.35778765116
2020-04-05,26840.09495933137
2020-04-06,76229.63101281846
2020-04-07,71709.75727653831
2020-04-08,60446.27102480261
2020-04-09,44044.89514774729
2020-04-10,64005.38867358202
2020-04-11,24878.453988326848
2020-04-12,43032.26627623753
2020-04-13,62171.18538858185
2020-04-14,44685.25879141326
2020-04-15,50791.27612926387
2020-04-16,96368.95172006663
2020-04-17,46087.81870708471
2020-04-18,35550.76998027337
2020-04-19,29640.539257635064
2020-04-20,66104.95494888526
2020-04-21,44615.51373209182
2020-04-22,43200.666208388866
2020-04-23,80007.45708448777
2020-04-24,51805.07926689607
2020-04-25,30206.048609233967
2020-04-26,32703.067158355352
2020-04-27,48082.63617428645
2020-04-28,38328.60521473341
2020-04-29,150746.1850981678
2020-04-30,166613.28623477003
2020-05-01,70237.33278741255
2020-05-02,35789.46705028666
2020-05-03,59969.68963163467
2020-05-04,64024.02765251953
2020-05-05,59593.13631495889
2020-05-06,89423.97045404885
2020-05-07,121323.19323135262
2020-05-08,92541.6704811698
2020-05-09,60800.30229228614
2020-05-10,132771.52630837835
2020-05-11,147019.142344157
2020-05-12,65816.50715890617
2020-05-13,66783.93620457979
2020-05-14,95647.38329185893
2020-05-15,85798.70398606482
2020-05-16,37100.188622020905
2020-05-17,52306.67847466951
2020-05-18,62352.36587871925
2020-05-19,60086.7078188585
2020-05-20,62455.63287887312
2020-05-21,88112.273937506
2020-05-22,44190.07629918632
2020-05-23,23711.627717258187
2020-05-24,47342.30531548468
2020-05-25,43390.70783510158
2020-05-26,39903.98351970151
2020-05-27,41443.876509839625
2020-05-28,55389.30135776554
2020-05-29,40306.735567057345
2020-05-30,24232.48954615465
2020-05-31,22447.88163657469
2020-06-01,42626.62163715831
2020-06-02,85364.58750702192
2020-06-03,32713.695009135055
2020-06-04,42735.846084812474
2020-06-05,42241.552954577106
2020-06-06,22869.430549265573
2020-06-07,38415.426006338006
2020-06-08,32568.73706425094
2020-06-09,38530.47541335623
2020-06-10,39932.504223683354
2020-06-11,89293.37349929275
2020-06-12,40607.856943459745
2020-06-13,16518.780701134077
2020-06-14,19425.184383470645
2020-06-15,65343.9558212659
2020-06-16,39758.64701837992
2020-06-17,34378.58761429434
2020-06-18,25190.273665953497
2020-06-19,31761.403057247877
2020-06-20,19495.749434245306
2020-06-21,13287.79403216035
2020-06-22,40609.07771567366
2020-06-23,30778.460782602375
2020-06-24,49668.97255443379
2020-06-25,47119.541177018
2020-06-26,40551.4824946741
2020-06-27,28309.845226120615
2020-06-28,19687.601386563514
2020-06-29,30887.424201622496
2020-06-30,23412.27002770217
2020-07-01,29747.625676894088
2020-07-02,37769.8145158807
2020-07-03,21885.950217615256
2020-07-04,16144.723468093016
2020-07-05,17508.942754673266
2020-07-06,36446.228614375665
2020-07-07,25871.137581935163
2020-07-08,37113.11400966183
2020-07-09,30376.68718631446
2020-07-10,24188.940821891854
2020-07-11,11789.358234646475
2020-07-12,16304.718097613682
2020-07-13,25988.81792378996
2020-07-14,25746.18349904441
2020-07-15,23537.65865061426
2020-07-16,27838.51389705504
2020-07-17,20499.55654983897
2020-07-18,11938.618839910127
2020-07-19,12727.61540773566
2020-07-20,18754.815103410798
2020-07-21,35947.178744851124
2020-07-22,29532.771443310645
2020-07-23,43169.09671135628
2020-07-24,33830.863140468864
2020-07-25,24030.819021858366
2020-07-26,41977.16631848087
2020-07-27,123488.34408409355
2020-07-28,85854.34152668096
2020-07-29,62023.39959269405
2020-07-30,45310.32473370609
2020-07-31,53568.76624368433
2020-08-01,62751.99609563494
2020-08-02,65227.048713336655
2020-08-03,42190.15529167146
2020-08-04,35134.491247237405
2020-08-05,47259.463171957235
2020-08-06,49870.044581425784
2020-08-07,56114.45649191387
2020-08-08,23072.6031619002
2020-08-09,19837.719116506963
2020-08-10,56130.159901188585
2020-08-11,63590.01045130349
2020-08-12,37229.98970111986
2020-08-13,41351.705497901734
2020-08-14,37184.11417875208
2020-08-15,31132.36543991987
2020-08-16,21875.945569589454
2020-08-17,55455.621208192046
2020-08-18,50536.23063908155
2020-08-19,50178.93951976001
2020-08-20,43031.60357839175
2020-08-21,64634.030347824955
2020-08-22,49029.75433360582
2020-08-23,33326.88150215594
2020-08-24,39073.70798884013
2020-08-25,51523.157679761636
2020-08-26,27033.174875663757
2020-08-27,41034.008670887524
2020-08-28,30604.37858521865
2020-08-29,16353.498529678203
2020-08-30,16271.817123485258
2020-08-31,26413.75916660162
2020-09-01,45049.57065623404
2020-09-02,54231.859746093585
2020-09-03,87938.09288405857
2020-09-04,53761.773347166854
2020-09-05,60425.31322673061
2020-09-06,29301.55020238061
2020-09-07,40671.94520998008
2020-09-08,54616.63254625049
2020-09-09,33898.091421811834
2020-09-10,43699.25371362733
2020-09-11,25588.776481223253
2020-09-12,17611.12696209801
2020-09-13,29030.828881301077
2020-09-14,33645.29005807098
2020-09-15,34253.45726496519
2020-09-16,34032.19419280649
2020-09-17,26823.261241062246
2020-09-18,22748.59399116283
2020-09-19,17431.815966097685
2020-09-20,21770.47541030137
2020-09-21,45473.97002727935
2020-09-22,28598.83232413171
2020-09-23,27113.395414574396
2020-09-24,28386.564807902465
2020-09-25,33750.26868503439
2020-09-26,13796.771082788426
2020-09-27,13739.075215160827
2020-09-28,32770.850150481354
2020-09-29,30862.050501370224
2020-09-30,29463.930958251927
2020-10-01,39814.44486053099
2020-10-02,33604.66164207159
2020-10-03,10478.557451450146
2020-10-04,10437.035298514731
2020-10-05,23709.84957263057
2020-10-06,31058.984562283687
2020-10-07,19512.781033237232
2020-10-08,38776.85839295844
2020-10-09,32535.45174151217
2020-10-10,26272.964842052916
2020-10-11,17768.96301704275
2020-10-12,41470.27968345962
2020-10-13,33547.78400303134
2020-10-14,22723.34298950942
2020-10-15,32828.56152641005
2020-10-16,29340.742020527538
2020-10-17,9879.443974788104
2020-10-18,11455.119464134183
2020-10-19,38820.215035791814
2020-10-20,48325.682046640686
2020-10-21,101158.34061285667
2020-10-22,56934.31629876253
2020-10-23,32206.57140184893
2020-10-24,20798.65921410195
2020-10-25,28286.04344382155
2020-10-26,35271.980973921585
2020-10-27,44218.49597098641
2020-10-28,32736.95392809106
2020-10-29,41281.39440343243
2020-10-30,55731.072332567936
2020-10-31,43475.11476439518
2020-11-01,20834.906687536153
2020-11-02,33386.50687188496
2020-11-03,21411.587088502525
2020-11-04,29886.01946569118
2020-11-05,40082.81718367787
2020-11-06,34508.851762149294
2020-11-07,26169.264261876135
2020-11-08,18414.120388681742
2020-11-09,32120.61087718772
2020-11-10,23026.982245344538
2020-11-11,45706.80815211994
2020-11-12,65908.93721349668
2020-11-13,42510.68491843126
2020-11-14,28157.448719982334
2020-11-15,17971.665911667613
2020-11-16,41001.72242196555
2020-11-17,60644.849639228254
2020-11-18,81066.01811397218
2020-11-19,48239.74260125309
2020-11-20,50337.13310444401
2020-11-21,37694.51801640927
2020-11-22,43230.73715437216
2020-11-23,49087.96321225036
2020-11-24,73260.99929686864
2020-11-25,60958.54696738611
2020-11-26,129290.33147859844
2020-11-27,60298.83556397552
2020-11-28,34119.97258609124
2020-11-29,26906.632298729124
2020-11-30,75877.37213025737
2020-12-01,92762.26882407063
2020-12-02,47009.71820001779
2020-12-03,38413.817928327415
2020-12-04,43094.91156067506
2020-12-05,20278.233975958457
2020-12-06,20935.54076280746
2020-12-07,24885.270422247373
2020-12-08,47291.318965460785
2020-12-09,56999.44103101254
2020-12-10,37522.472686456844
2020-12-11,44875.25202801685
2020-12-12,25736.91470626065
2020-12-13,30884.254439839224
2020-12-14,23701.605572904158
2020-12-15,42168.55142382764
2020-12-16,91318.36001935169
2020-12-17,139980.31159745107
2020-12-18,58890.59930098978
2020-12-19,53179.66163158971
2020-12-20,43219.0887853016
2020-12-21,77028.08586345922
2020-12-22,48262.26481405614
2020-12-23,66783.74972697347
2020-12-24,38941.18843459421
2020-12-25,48563.05060187033
2020-12-26,60937.97907372465
2020-12-27,93846.06799389087
2020-12-28,51850.38503297959
2020-12-29,54075.629847175405
2020-12-30,69011.72574499967
2020-12-31,66441.49174593751
2021-01-01,50607.68501756103
2021-01-02,116460.15226570661
2021-01-03,94749.83621022347
2021-01-04,121820.54788069516
2021-01-05,89242.35107580315
2021-01-06,102804.12125690572
2021-01-07,120396.18070660123
2021-01-08,115797.92636720327
2021-01-09,55717.87922059136
2021-01-10,104271.57444777877
2021-01-11,228217.61668164018
2021-01-12,117431.69347503112
2021-01-13,85570.10853899791
2021-01-14,73937.99425420335
2021-01-15,89383.86625748128
2021-01-16,55379.29498107716
2021-01-17,50410.51726097817
2021-01-18,42451.05769537428
2021-01-19,49758.378998402295
2021-01-20,65258.74960128311
2021-01-21,131076.1391779587
2021-01-22,103557.49924382014
2021-01-23,40103.619152223684
2021-01-24,33449.60275941451
2021-01-25,61645.27946845991
2021-01-26,58728.00294834749
2021-01-27,103528.4364756328
2021-01-28,73650.64149125085
2021-01-29,175636.9058369594
2021-01-30,45871.60697969743
2021-01-31,35511.9987415224
2021-02-01,48404.51965980377
2021-02-02,50379.385821813325
2021-02-03,62123.02156733995
2021-02-04,74817.40227134214
2021-02-05,44506.07237125113
2021-02-06,67296.45084792552
2021-02-07,53433.696559350145
2021-02-08,128011.49245123705
2021-02-09,99124.00040206779
2021-02-10,74169.98202873931
2021-02-11,70352.77482170005
2021-02-12,59694.36965574756
2021-02-13,33275.039228059955
2021-02-14,37859.28834372977
2021-02-15,52196.08059034752
2021-02-16,65814.97279942942
2021-02-17,65649.23950976043
2021-02-18,42744.01632242142
2021-02-19,69601.15395379547
2021-02-20,53216.956481691515
2021-02-21,33652.46764630907
2021-02-22,129250.02251614296
2021-02-23,163939.95439796968
2021-02-24,74988.17718162932
2021-02-25,77374.3985627894
2021-02-26,90768.38760936438
2021-02-27,39644.56508712987
2021-02-28,61349.16187567981
2021-03-01,63387.97184551165
2021-03-02,43408.977109643245
2021-03-03,51902.78230928976
2021-03-04,62527.2926696736
2021-03-05,59607.86632023498
2021-03-06,24833.81282826919
2021-03-07,32543.603662023015
2021-03-08,46671.63469740113
2021-03-09,52762.93770378691
2021-03-10,69744.51326500434
2021-03-11,57782.79166817305
2021-03-12,53777.52729886814
2021-03-13,56221.082729280366
2021-03-14,35681.98662822301
2021-03-15,77200.77817142222
2021-03-16,60451.39033616331
2021-03-17,59304.07056918297
2021-03-18,55144.0697595142
2021-03-19,41301.95132552913
2021-03-20,29051.357585900772
2021-03-21,34130.12297300477
2021-03-22,52968.44057401596
2021-03-23,44977.771587025774
2021-03-24,65401.48319427827
2021-03-25,70472.06698367561
2021-03-26,44707.206505516355
2021-03-27,27115.68278774081
2021-03-28,24122.60403585378
2021-03-29,51192.43380482108
2021-03-30,35124.073575819886
2021-03-31,46385.74706363596
2021-04-01,28072.566227578638
2021-04-02,29930.34019593882
2021-04-03,25763.141352680515
2021-04-04,18775.169255349974
2021-04-05,24349.45951001665
2021-04-06,26472.278523746194
2021-04-07,51033.24001777953
2021-04-08,25103.038466743084
2021-04-09,21369.857284468184
2021-04-10,38840.28541067294
2021-04-11,20321.530282116924
2021-04-12,31967.150033519498
2021-04-13,51906.318353428214
2021-04-14,64589.32496096596
2021-04-15,33941.4317332255
2021-04-16,57717.10525965291
2021-04-17,34851.42443819584
2021-04-18,111367.21705475972
2021-04-19,49077.627220564034
2021-04-20,54717.44057196201
2021-04-21,42976.12986817711
2021-04-22,86798.1861103017
2021-04-23,102410.97982923532
2021-04-24,33823.71526652472
2021-04-25,44303.71949658161
2021-04-26,60197.16636069245
2021-04-27,40311.18485902834
2021-04-28,42628.854462831514
2021-04-29,44030.02183866172
2021-04-30,47081.220170999775
2021-05-01,26135.91062331311
2021-05-02,21734.979380649485
2021-05-03,41462.76772351184
2021-05-04,66800.98116654118
2021-05-05,55646.60490988209
2021-05-06,51001.92332191274
2021-05-07,42521.846624614176
2021-05-08,37519.3439198088
2021-05-09,45380.074054219476
2021-05-10,72802.87154790199
2021-05-11,42208.563920326385
2021-05-12,81511.93761544503
2021-05-13,119112.07791938126
2021-05-14,43217.17103004412
2021-05-15,55392.57581577795
2021-05-16,79456.07207870131
2021-05-17,135381.34960096105
2021-05-18,73664.66794167424
2021-05-19,302411.07821739826
2021-05-20,136251.4573049013
2021-05-21,122453.68224936875
2021-05-22,74897.19505141165
2021-05-23,129459.18675490053
2021-05-24,102515.21820619932
2021-05-25,65895.88489466324
2021-05-26,66363.5187769054
2021-05-27,46810.87482368437
2021-05-28,87003.48443425787
2021-05-29,61476.249536715746
2021-05-30,37165.22944912302
2021-05-31,48850.14691198882
2021-06-01,44332.42045840215
2021-06-02,39773.586094199156
2021-06-03,40444.94502424951
2021-06-04,49860.80985119976
2021-06-05,40634.596170902456
2021-06-06,27550.685635767015
2021-06-07,55096.88634708301
2021-06-08,86512.02930673961
2021-06-09,86906.02465528336
2021-06-10,63742.15825072422
2021-06-11,42743.4314828235
2021-06-12,40800.94720945321
2021-06-13,44269.81543092217
2021-06-14,67624.41322162736
2021-06-15,48400.666505983536
2021-06-16,49122.256313858685
2021-06-17,42008.246109084794
2021-06-18,61614.12435204962
2021-06-19,45084.499907645644
2021-06-20,55182.29647078584
2021-06-21,115337.40844802104
2021-06-22,124801.36027541077
2021-06-23,60485.27224199077
2021-06-24,37839.928871821634
2021-06-25,95823.50888400467
2021-06-26,56530.882739686174
2021-06-27,57699.073907185644
2021-06-28,41295.67297259758
2021-06-29,43960.76700859381
2021-06-30,39600.30474301547
2021-07-01,36929.5674500665
2021-07-02,32600.365878665998
2021-07-03,17158.83718951505
2021-07-04,15979.710740232436
2021-07-05,31827.940962751152
2021-07-06,32804.383523874
2021-07-07,22197.666248337184
2021-07-08,47878.78543779721
2021-07-09,25238.443362954902
2021-07-10,19450.901637260547
2021-07-11,15572.227753851901
2021-07-12,31410.03460294827
2021-07-13,25575.530850123727
2021-07-14,26906.06531679895
2021-07-15,33700.202418077875
2021-07-16,25882.80543510937
2021-07-17,27935.95124298499
2021-07-18,25047.00944309775
2021-07-19,38231.305844710514
2021-07-20,43360.77542854554
2021-07-21,47874.719516619436
2021-07-22,24313.46270697321
2021-07-23,22748.42678768485
2021-07-24,20010.674691446613
2021-07-25,22107.19035858991
2021-07-26,103059.63511952932
2021-07-27,55637.32638810999
2021-07-28,66522.25157575529
2021-07-29,31425.229922569084
2021-07-30,40206.986289251494
2021-07-31,25478.305916712638
2021-08-01,34759.99097784943
2021-08-02,33425.530632278584
2021-08-03,38411.84812342724
2021-08-04,33191.53732495591
2021-08-05,57665.3576160641
2021-08-06,46886.01055185524
2021-08-07,49301.44739046788
2021-08-08,39835.00730632989
2021-08-09,47950.07421011691
2021-08-10,35302.80344215909
2021-08-11,31205.0504918158
2021-08-12,35764.36116605951
2021-08-13,33360.25732230913
2021-08-14,23788.773834588446
2021-08-15,17795.32419962251
2021-08-16,29010.511452640472
2021-08-17,38059.29858118365
2021-08-18,30807.187783436886
2021-08-19,32313.51193963238
2021-08-20,35320.214615765835
2021-08-21,23031.671564772518
2021-08-22,16683.48016208657
2021-08-23,30598.102600590537
2021-08-24,29338.857990704233
2021-08-25,24657.603143412052
2021-08-26,34543.971841889244
2021-08-27,27127.51124692135
2021-08-28,12808.012226358318
2021-08-29,18949.473068348612
2021-08-30,29634.382943231707
2021-08-31,30072.559849963716
2021-09-01,31141.706694163244
2021-09-02,32787.45228493792
2021-09-03,38505.89114367573
2021-09-04,16819.546407760925
2021-09-05,20941.08609814275
2021-09-06,25209.519878421022
2021-09-07,86559.81947169977
2021-09-08,45691.98288971197
2021-09-09,32327.548307767254
2021-09-10,36369.320618641745
2021-09-11,14663.603356896718
2021-09-12,16225.533186521005
2021-09-13,42471.85340722657
2021-09-14,26250.997943729348
2021-09-15,26645.564469053523
2021-09-16,25732.01671975006
2021-09-17,19012.27268986963
2021-09-18,15753.28155738706
2021-09-19,14152.34654455199
2021-09-20,66389.06175542441
2021-09-21,73018.8125223074
2021-09-22,41480.868166416716
2021-09-23,33920.405074011214
2021-09-24,59870.92632725461
2021-09-25,17968.3440407978
2021-09-26,27494.694645291318
2021-09-27,27027.726743057363
2021-09-28,32534.376374041905
2021-09-29,26486.949909519702
2021-09-30,33538.76523785209
2021-10-01,51876.03632728357
2021-10-02,16132.53606577186
2021-10-03,18567.937882678314
2021-10-04,33768.90972242375
2021-10-05,39790.335056879754
2021-10-06,62244.885741749385
2021-10-07,34138.012395996
2021-10-08,29514.120909839592
2021-10-09,14546.7664229978
2021-10-10,23327.163207327794
2021-10-11,31406.977650316177
2021-10-12,34160.38239306992
2021-10-13,33227.5328836131
2021-10-14,28199.43588414136
2021-10-15,60596.452422600254
2021-10-16,23077.046635742405
2021-10-17,22992.302765547898
2021-10-18,50186.6341893441
2021-10-19,42101.01627341933
2021-10-20,45107.74425417844
2021-10-21,63619.43048980829
2021-10-22,41268.25378429583
2021-10-23,16152.506289439989
2021-10-24,19039.94483201443
2021-10-25,24557.493535802732
2021-10-26,28815.112331818193
2021-10-27,46508.51266599412
2021-10-28,50983.289213301214
2021-10-29,34809.47686380604
2021-10-30,15833.848003882898
2021-10-31,19265.503487952272
2021-11-01,32071.148889830838
2021-11-02,35737.5001170565
2021-11-03,29433.27508246076
2021-11-04,23121.245995384426
2021-11-05,20682.353285482088
2021-11-06,15269.522453362404
2021-11-07,14684.536505189819
2021-11-08,38711.669341904286
2021-11-09,33008.318869769064
2021-11-10,51835.37727932359
2021-11-11,21502.651331825586
2021-11-12,32589.888849575178
2021-11-13,12668.893623710517
2021-11-14,14460.651797323913
2021-11-15,25768.72660902323
2021-11-16,62233.853484592124
2021-11-17,42784.92934071723
2021-11-18,65317.09659800304
2021-11-19,36248.39369845511
2021-11-20,16481.190853352688
2021-11-21,15128.321970404846
2021-11-22,42115.40348215532
2021-11-23,37414.90637001317
2021-11-24,28509.21745291525
2021-11-25,23958.952431860605
2021-11-26,61585.291871528745
2021-11-27,18439.649471408007
2021-11-28,20704.089548294727
2021-11-29,29218.860033489193
2021-11-30,41838.171653355355
2021-12-01,36220.47175498275
2021-12-02,30291.708603401534
2021-12-03,45869.33802108519
2021-12-04,87633.05202099207
2021-12-05,41933.93677067855
2021-12-06,48223.92969691311
2021-12-07,29549.19284198194
2021-12-08,25541.425942687274
2021-12-09,35331.3752873533
2021-12-10,40380.839945167674
2021-12-11,23911.43446407171
2021-12-12,21404.162112185615
2021-12-13,50371.09559536779
2021-12-14,34027.08592371324
2021-12-15,43626.417136118296
2021-12-16,26687.12612226236
2021-12-17,38039.54267598184
2021-12-18,18654.650928627732
2021-12-19,22184.745397201074
2021-12-20,32348.855655105115
2021-12-21,31613.393097314085
2021-12-22,21154.696371097216
2021-12-23,30002.776405955516
2021-12-24,21778.85827677066
2021-12-25,11616.102774191515
2021-12-26,14502.953322722506
2021-12-27,22088.023281598857
2021-12-28,41776.522831666436
2021-12-29,34420.02562075414
2021-12-30,39300.23805157941
2021-12-31,35413.629047015944
2022-01-01,16480.386364764698
2022-01-02,13009.937277633198
2022-01-03,21771.63242734946
2022-01-04,29443.381708577977
2022-01-05,49552.44945295586
2022-01-06,36786.90559105631
2022-01-07,51667.23956071413
2022-01-08,27422.94438150133
2022-01-09,21534.776038462274
2022-01-10,51162.76408704314
2022-01-11,36152.57623710814
2022-01-12,31525.186068110255
2022-01-13,29666.834840416846
2022-01-14,27038.882018100325
2022-01-15,14103.807709160212
2022-01-16,12612.909248321823
2022-01-17,20401.949343720386
2022-01-18,25958.118044497936
2022-01-19,32629.60000575887
2022-01-20,36435.4570795461
2022-01-21,99004.4185276383
2022-01-22,68984.79130896638
2022-01-23,38728.53012870593
2022-01-24,89612.65836466383
2022-01-25,44144.20305852527
2022-01-26,58740.737531214894
2022-01-27,44934.8097529299
2022-01-28,38140.2010245147
2022-01-29,23924.445253432907
2022-01-30,17361.699483545086
2022-01-31,34052.581408174534
2022-02-01,32430.70552992666
2022-02-02,29794.82740296856
2022-02-03,27113.272134479048
2022-02-04,47560.66488973161
2022-02-05,22303.116916206665
2022-02-06,14166.808396646169
2022-02-07,41881.75369570327
2022-02-08,44744.36096861805
2022-02-09,27192.77678499675
2022-02-10,46574.20256723439
2022-02-11,39966.693092145135
2022-02-12,17696.457417917703
2022-02-13,12497.771467635723
2022-02-14,27801.197605862715
2022-02-15,27158.767134934616
2022-02-16,20628.406161880466
2022-02-17,41168.10129857894
2022-02-18,32724.062075037014
2022-02-19,11662.37091369313
2022-02-20,23197.158173567117
2022-02-21,49137.88251979959
2022-02-22,41955.41671903888
2022-02-23,32683.903227589388
2022-02-24,87802.76393649411
2022-02-25,39158.635135730925
2022-02-26,18730.015756807938
2022-02-27,31406.912287325777
2022-02-28,51673.99914122566
2022-03-01,47744.321649158745
2022-03-02,37620.44093904296
2022-03-03,36846.23253741021
2022-03-04,52185.398776893526
2022-03-05,15842.088640805623
2022-03-06,21295.91841534969
2022-03-07,40700.61998972933
2022-03-08,35454.757030462075
2022-03-09,46720.419948597395
2022-03-10,42683.82279477794
2022-03-11,39425.519542201124
2022-03-12,11974.967418561222
2022-03-13,18195.521826337015
2022-03-14,31385.41498472905
2022-03-15,30443.012482048773
2022-03-16,53906.840927523066
2022-03-17,17979.613051218126
2022-03-18,31360.963145626913
2022-03-19,15126.330092657707
2022-03-20,15700.824576729812
2022-03-21,21871.54744870736
2022-03-22,37704.33447671561
2022-03-23,26031.378277134354
2022-03-24,34404.63571241425
2022-03-25,34509.37604621198
2022-03-26,11526.17134742226
2022-03-27,22097.017898413695
2022-03-28,36012.75684736544
2022-03-29,27908.39669998925
2022-03-30,24621.644290756558
2022-03-31,29668.758727139128
2022-04-01,33669.55463193646
2022-04-02,16713.48032049038
2022-04-03,17447.641325316832
2022-04-04,24576.189670272237
2022-04-05,24577.087646407002
2022-04-06,44430.161887433766
2022-04-07,22773.84848598486
2022-04-08,25991.27252682421
2022-04-09,8982.557508181819
2022-04-10,13031.133524474797
2022-04-11,36001.93063433958
2022-04-12,27132.907448263337
2022-04-13,24058.669136067678
2022-04-14,21792.71114445143
2022-04-15,13842.798221266357
2022-04-16,7770.639415931897
2022-04-17,9823.917247108457
2022-04-18,26983.0027210781
2022-04-19,18509.807739123815
2022-04-20,25928.8409932484
2022-04-21,32699.949095563774
2022-04-22,29073.742379904943
2022-04-23,11551.487713447026
2022-04-24,12701.283081548643
2022-04-25,37446.50293366161
2022-04-26,39154.933985249256
2022-04-27,34172.5148606289
2022-04-28,29910.320536104
2022-04-29,24978.353188378987
2022-04-30,13951.911356746976
2022-05-01,17126.330322113547
2022-05-02,29926.452093980708
2022-05-03,29042.895736504182
2022-05-04,35949.150452832786
2022-05-05,52562.02143576767
2022-05-06,46715.78733564585
2022-05-07,20129.58836607864
2022-05-08,41544.65696189403
2022-05-09,115465.72671019952
2022-05-10,104602.89613202414
2022-05-11,136715.5125851176
2022-05-12,155672.00700276525
2022-05-13,66410.73595401307
2022-05-14,28119.96949881715
2022-05-15,25888.199946255303
2022-05-16,41635.008269182435
2022-05-17,32879.84448172026
2022-05-18,46143.76404082841
2022-05-19,47988.528019171485
2022-05-20,58015.481798591856
2022-05-21,15721.90623622951
2022-05-22,21144.517569055806
2022-05-23,39453.49552031114
2022-05-24,27881.105833098492
2022-05-25,27121.74600747519
2022-05-26,45041.215879016236
2022-05-27,36879.13245886941
2022-05-28,12594.046699936203
2022-05-29,12729.309540567896
2022-05-30,44964.512045657124
2022-05-31,32370.640707868817
2022-06-01,45087.469281540725
2022-06-02,30629.14933065875
2022-06-03,24730.21306792721
2022-06-04,10396.821306944972
2022-06-05,10415.20742928433
2022-06-06,34334.09253525412
2022-06-07,43088.98064718314
2022-06-08,27970.577089144586
2022-06-09,20634.148486151953
2022-06-10,38980.11965130672
2022-06-11,24550.854075927393
2022-06-12,39886.063050661316
2022-06-13,181981.38241797753
2022-06-14,93311.96970888904
2022-06-15,111497.62860370112
2022-06-16,65129.661019445004
2022-06-17,64234.53429723389
2022-06-18,100163.86021551894
2022-06-19,57944.94701724476
2022-06-20,48462.12380668301
2022-06-21,46102.83328300936
2022-06-22,51499.17651943059
2022-06-23,39653.984415887266
2022-06-24,40091.89352038177
2022-06-25,21381.43376164596
2022-06-26,21159.517103345643
2022-06-27,31061.938083304696
2022-06-28,33612.94095583835
2022-06-29,37381.1743820095
2022-06-30,54456.094271840804
2022-07-01,63426.472706322755
2022-07-02,20442.380952331416
2022-07-03,22297.564059373253
2022-07-04,30862.2353433293
2022-07-05,46215.977246041286
2022-07-06,38648.78303084346
2022-07-07,49038.354119971504
2022-07-08,57111.24851373037
2022-07-09,21092.35191595655
2022-07-10,23293.738383318472
2022-07-11,37929.788259272726
2022-07-12,45235.61034267216
2022-07-13,58160.99987790899
2022-07-14,49637.736344957426
2022-07-15,35876.8217073097
2022-07-16,27647.636539159143
2022-07-17,26192.19172588986
2022-07-18,65327.36543045762
2022-07-19,76768.61902118428
2022-07-20,75484.1873437148
2022-07-21,51871.330747263695
2022-07-22,43536.93010192927
2022-07-23,25741.062200306966
2022-07-24,22316.68666173723
2022-07-25,44141.17078334841
2022-07-26,38101.7076189383
2022-07-27,50495.87084862975
2022-07-28,54621.24816007948
2022-07-29,42538.60774954089
2022-07-30,32902.99417999555
2022-07-31,23399.831514655394
2022-08-01,31383.46088940282
2022-08-02,34260.41981620156
2022-08-03,45533.18941216416
2022-08-04,36910.830933488454
2022-08-05,50002.29913865043
2022-08-06,17460.16196441951
2022-08-07,16750.508972875592
2022-08-08,40988.921950547745
2022-08-09,38621.121611665934
2022-08-10,51834.03095117754
2022-08-11,55896.680375686614
2022-08-12,33463.83023303541
2022-08-13,29047.91416228968
2022-08-14,36465.22509810309
2022-08-15,55232.2242183017
2022-08-16,36661.805525796946
2022-08-17,46254.957621958674
2022-08-18,25099.514728136233
2022-08-19,84981.18044268274
2022-08-20,37991.738182088215
2022-08-21,30250.292426279782
2022-08-22,43949.82974215478
2022-08-23,40862.95824469742
2022-08-24,42685.451912930155
2022-08-25,31279.315124131303
2022-08-26,77284.25595478859
2022-08-27,38655.28105060179
2022-08-28,30553.274009311608
2022-08-29,51431.24619302723
2022-08-30,70948.78446877914
2022-08-31,58107.80239777201
2022-09-01,44531.777146766035
2022-09-02,41933.33331729921
2022-09-03,17137.67721110231
2022-09-04,19354.11352935942
2022-09-05,26181.274990160804
2022-09-06,75992.159274583
2022-09-07,49845.537140078144
2022-09-08,44009.9106272355
2022-09-09,77579.28377569582
2022-09-10,34767.97775908064
2022-09-11,27477.37001435673
2022-09-12,56450.06178070867
2022-09-13,88640.21415729435
2022-09-14,52646.01660548155
2022-09-15,45324.40767912935
2022-09-16,47870.51497170776
2022-09-17,35986.62194812199
2022-09-18,32035.923082627618
2022-09-19,65967.01734993818
2022-09-20,59538.075644797784
2022-09-21,98083.83314589251
2022-09-22,94181.46235074173
2022-09-23,65386.07563631575
2022-09-24,29938.282799075692
2022-09-25,28944.558032083038
2022-09-26,97498.05982592652
2022-09-27,109498.57619619105
2022-09-28,92358.1413891031
2022-09-29,67769.02133620095
2022-09-30,73549.94285590737
2022-10-01,14812.685374206016
2022-10-02,25490.37178110152
2022-10-03,56358.82962202691
2022-10-04,63436.713411631004
2022-10-05,59299.03606564044
2022-10-06,75273.39775067719
2022-10-07,60300.165222515345
2022-10-08,17479.413513964442
2022-10-09,19867.186446021868
2022-10-10,44760.64471475107
2022-10-11,61567.70626220925
2022-10-12,38855.02387593743
2022-10-13,86164.14942481286
2022-10-14,75375.8189756965
2022-10-15,15241.873673551578
2022-10-16,15748.921475312314
2022-10-17,42535.62104223474
2022-10-18,60373.630286974476
2022-10-19,49324.937864106105
2022-10-20,65358.23273509022
2022-10-21,62191.243219905664
2022-10-22,16384.34105459462
2022-10-23,31041.785835300376
2022-10-24,63527.429731737415
2022-10-25,102160.80387839409
2022-10-26,118067.8577078428
2022-10-27,89333.84305809035
2022-10-28,77553.31683081803
2022-10-29,58580.576621538996
2022-10-30,38660.327369714476
2022-10-31,61515.50434450356
2022-11-01,48694.50902258613
2022-11-02,92371.0118975719
2022-11-03,54221.71053875224
2022-11-04,96339.96609599728
2022-11-05,33152.29950468439
2022-11-06,28069.998821171474
2022-11-07,73168.58538059884
2022-11-08,217101.34818789194
2022-11-09,266492.6522147254
2022-11-10,161456.29324013492
2022-11-11,103924.23782964441
2022-11-12,34728.737380692626
2022-11-13,35945.642456493864
2022-11-14,83428.43158827968
2022-11-15,76006.97190496672
2022-11-16,64574.936675466495
2022-11-17,38979.067170017646
2022-11-18,45164.72437499812
2022-11-19,16955.743989350096
2022-11-20,28971.685661638036
2022-11-21,81810.60767541509
2022-11-22,73128.68599385736
2022-11-23,65543.75530378554
2022-11-24,37672.82982386551
2022-11-25,34677.046027672084
2022-11-26,21058.44268587785
2022-11-27,18302.543622840934
2022-11-28,53542.079977121015
2022-11-29,50729.630665314
2022-11-30,85077.31584777145
2022-12-01,57629.033763599444
2022-12-02,45132.559369130046
2022-12-03,24818.31130409141
2022-12-04,29692.559107303987
2022-12-05,63528.892782627765
2022-12-06,47517.37594080011
2022-12-07,42188.71983121361
2022-12-08,48056.05147909964
2022-12-09,41593.694090273464
2022-12-10,17318.81845492986
2022-12-11,22218.879356507197
2022-12-12,42964.973765534334
2022-12-13,79177.24358548819
2022-12-14,85596.66729639348
2022-12-15,69143.89671995443
2022-12-16,90560.34132427767
2022-12-17,40801.12673839654
2022-12-18,25190.973310222817
2022-12-19,63881.85215769343
2022-12-20,77819.07891843854
2022-12-21,42284.380389426864
2022-12-22,48426.49682713082
2022-12-23,47019.862904230205
2022-12-24,17410.288118067416
2022-12-25,17579.70210112246
2022-12-26,20555.866586624434
2022-12-27,43169.632313086884
2022-12-28,54507.755924106146
2022-12-29,41035.51380474336
2022-12-30,53029.45091138451
2022-12-31,27644.41876778065
2023-01-01,20177.16893053816
2023-01-02,30195.439171257724
2023-01-03,37707.028236681595
2023-01-04,58805.71292030187
2023-01-05,31172.92220729151
2023-01-06,52144.09232180034
2023-01-07,11622.41430631309
2023-01-08,20983.518212109157
2023-01-09,74040.47608799799
2023-01-10,57203.289500207546
2023-01-11,62065.69129891849
2023-01-12,119523.45193962545
2023-01-13,91317.57995790699
2023-01-14,106131.703714998
2023-01-15,44269.979689581945
2023-01-16,66037.23979041877
2023-01-17,55921.68708353284
2023-01-18,83834.20673724893
2023-01-19,54127.66405625958
2023-01-20,79075.2862344661
2023-01-21,97078.98941593476
2023-01-22,62502.75403731193
2023-01-23,70778.71132502846
2023-01-24,79003.68381777381
2023-01-25,87176.42516305187
2023-01-26,64213.25315320209
2023-01-27,64977.05389173555
2023-01-28,20218.682700549085
2023-01-29,57124.80282609447
2023-01-30,74440.97061621296
2023-01-31,49475.85722512613
2023-02-01,49135.16244481789
2023-02-02,58739.43266867768
2023-02-03,41012.95555913012
2023-02-04,14356.279912223934
2023-02-05,27412.567042372993
2023-02-06,40342.64977391589
2023-02-07,36661.84405391527
2023-02-08,32494.148504886296
2023-02-09,74583.9787729479
2023-02-10,52654.387535671594
2023-02-11,16987.979402338013
2023-02-12,27599.975594466123
2023-02-13,58365.83791595009
2023-02-14,50505.98213976953
2023-02-15,67259.46059852352
2023-02-16,93290.79503229901
2023-02-17,82384.60162631398
2023-02-18,22325.80095761594
2023-02-19,44204.12049022688
2023-02-20,54026.88639223065
2023-02-21,69523.65256784114
2023-02-22,70612.11320581539
2023-02-23,68086.44405854368
2023-02-24,69462.89426635354
2023-02-25,24573.243616813732
2023-02-26,26840.184607822037
2023-02-27,45029.142282378554
2023-02-28,35197.83463361863
2023-03-01,45262.50266042939
2023-03-02,34663.355162070686
2023-03-03,59421.28937315639
2023-03-04,11825.685698219004
2023-03-05,20881.92942303432
2023-03-06,27111.281812020014
2023-03-07,38965.194388742355
2023-03-08,41804.44368465136
2023-03-09,77801.39097360494
2023-03-10,104118.39098299526
2023-03-11,68712.08445928902
2023-03-12,60954.8572831145
2023-03-13,90837.6474559117
2023-03-14,112427.0326490171
2023-03-15,74936.39320067076
2023-03-16,54808.91503056108
2023-03-17,93106.9218575139
2023-03-18,49510.28757786357
2023-03-19,47713.43244559882
2023-03-20,66122.95662826514
2023-03-21,45488.15878645286
2023-03-22,83391.6302275794
2023-03-23,62414.68518646567
2023-03-24,52993.72596889173
2023-03-25,22482.15802520148
2023-03-26,26240.113871826416
2023-03-27,46273.97169528782
2023-03-28,36586.62677253202
2023-03-29,49263.00961323473
2023-03-30,59448.35027073138
2023-03-31,44912.08879170293
2023-04-01,15699.073052346646
2023-04-02,16367.194820108665
2023-04-03,47789.981789374964
2023-04-04,32335.47407605361
2023-04-05,38052.17153476607
2023-04-06,26046.279048007218
2023-04-07,14580.641572554945
2023-04-08,9280.883108028102
2023-04-09,16205.879261542064
2023-04-10,40843.64567748244
2023-04-11,46991.3361529389
2023-04-12,36608.56608871394
2023-04-13,31812.66872633828
2023-04-14,48911.634858130295
2023-04-15,13627.987888152154
2023-04-16,17293.919905337214
2023-04-17,35233.693878084676
2023-04-18,36031.28128313604
2023-04-19,55531.47422499064
2023-04-20,41792.62732126149
2023-04-21,44302.052383298294
2023-04-22,17239.068572607546
2023-04-23,18268.778010171452
2023-04-24,34160.024409422214
2023-04-25,30951.9960350529
2023-04-26,80134.35072305347
2023-04-27,62766.53167758448
2023-04-28,35115.10350548859
2023-04-29,11350.649405494474
2023-04-30,23460.050598543414
2023-05-01,44384.96732910192
2023-05-02,32322.575587129333
2023-05-03,39617.399476613755
2023-05-04,27685.054016321086
2023-05-05,35163.45741155815
2023-05-06,24655.966592707708
2023-05-07,16821.14244031301
2023-05-08,40894.02437388918
2023-05-09,22929.49313390325
2023-05-10,42065.54854168107
2023-05-11,29725.751629950337
2023-05-12,41908.70282227574
2023-05-13,12532.162666001714
2023-05-14,11869.709580698247
2023-05-15,28114.29868705308
2023-05-16,24014.977620681915
2023-05-17,28762.810344443835
2023-05-18,27932.198929214923
2023-05-19,16459.17432113899
2023-05-20,7340.028826035619
2023-05-21,12064.929594915677
2023-05-22,17660.792561644957
2023-05-23,21253.18250485772
2023-05-24,32032.618846189933
2023-05-25,22824.1845336574
2023-05-26,20307.78750809328
2023-05-27,7390.6459195038515
2023-05-28,19366.045972639367
2023-05-29,21774.67653617251
2023-05-30,23708.655098478317
2023-05-31,28292.683194116715
2023-06-01,24056.185150227037
2023-06-02,23601.32350426441
2023-06-03,8116.648133745472
2023-06-04,9172.022496759475
2023-06-05,37805.11327225699
2023-06-06,36957.04480615732
2023-06-07,30988.304747331105
2023-06-08,15149.683108699695
2023-06-09,16610.606532066195
2023-06-10,31295.704010801284
2023-06-11,13149.182554810432
2023-06-12,17030.592781340278
2023-06-13,23120.41702013272
2023-06-14,27225.33049189019
2023-06-15,32227.647734293252
2023-06-16,27169.989981994328
2023-06-17,12507.970249822429
2023-06-18,9439.77826866125
2023-06-19,17797.17756553234
2023-06-20,44687.823250886766
2023-06-21,57001.458355930146
2023-06-22,34592.84468873953
2023-06-23,41160.77657342897
2023-06-24,13069.72253815282
2023-06-25,13466.85679032764
2023-06-26,21686.355765130116
2023-06-27,22255.051035296947
2023-06-28,19200.70718344088
2023-06-29,21483.78827523215
2023-06-30,47215.53839118166
2023-07-01,7245.136870741362
2023-07-02,8636.81265485344
2023-07-03,19479.81795904011
2023-07-04,13369.914310567976
2023-07-05,15874.985049045883
2023-07-06,31500.07284577561
2023-07-07,19272.294633651945
2023-07-08,6345.678611464313
2023-07-09,7163.193995722451
2023-07-10,22175.201152228852
2023-07-11,17606.283110901564
2023-07-12,24870.785669480094
2023-07-13,41748.7951332739
2023-07-14,33681.61886302141
2023-07-15,4929.101131576038
2023-07-16,7423.011793440727
2023-07-17,18533.83867481677
2023-07-18,18778.556821488495
2023-07-19,14921.66270881659
2023-07-20,19364.569353641324
2023-07-21,13235.973805357546
2023-07-22,6125.354395751019
2023-07-23,8121.094342557655
2023-07-24,25514.46336216941
2023-07-25,12130.782754289496
2023-07-26,16575.01456149926
2023-07-27,12775.72291453107
2023-07-28,11698.918321632427
2023-07-29,4983.725810286266
2023-07-30,7657.809893611863
2023-07-31,14588.98040912756
2023-08-01,27691.605860522683
2023-08-02,28742.984090147715
2023-08-03,15434.18019449752
2023-08-04,12923.808179304924
2023-08-05,4132.524688867669
2023-08-06,4361.655244273254
2023-08-07,16282.434102547584
2023-08-08,26428.59011619217
2023-08-09,18019.427524489733
2023-08-10,12747.775321206604
2023-08-11,10543.881016788444
2023-08-12,3495.2243900482304
2023-08-13,3940.1324991334136
2023-08-14,12326.82160458523
2023-08-15,10250.735340265048
2023-08-16,16693.581775297185
2023-08-17,52367.55451456966
2023-08-18,34092.15527747163
2023-08-19,10160.998147594633
2023-08-20,7341.123197616283
2023-08-21,16459.50828326223
2023-08-22,19754.770380228707
2023-08-23,25450.90286991002
2023-08-24,17166.42303244412
2023-08-25,18780.760064088958
2023-08-26,3576.45036072179
2023-08-27,4136.4121209659
2023-08-28,11604.3690071248
2023-08-29,39280.78847665288
2023-08-30,19051.061969038372
2023-08-31,28579.62834706324
2023-09-01,24795.61287060362
2023-09-02,7008.10390528116
2023-09-03,6181.467664201003
2023-09-04,8849.252565826782
2023-09-05,10864.71285138148
2023-09-06,15145.677907991354
2023-09-07,18726.18352697056
2023-09-08,18620.262321221995
2023-09-09,4090.2791484110417
2023-09-10,8422.463573313433
2023-09-11,24630.93090252561
2023-09-12,36288.65899132906
2023-09-13,18888.493330471196
2023-09-14,24479.010871851075
2023-09-15,17263.732660063768
2023-09-16,7064.735482494157
2023-09-17,5695.740462109243
2023-09-18,29778.820662272832
2023-09-19,24638.29236798386
2023-09-20,21429.399630986787
2023-09-21,21053.43985257158
2023-09-22,15371.151708826188
2023-09-23,5251.200572419233
2023-09-24,9936.752959472138
2023-09-25,19731.78476366771
2023-09-26,12905.486682544533
2023-09-27,24224.50478524442
2023-09-28,30628.91744057838
2023-09-29,21751.609655733682
2023-09-30,7265.767949215759
2023-10-01,16581.83344091395
2023-10-02,43567.17823465984
2023-10-03,22626.081011977985
2023-10-04,17893.023957711102
2023-10-05,25389.926697426443
2023-10-06,25106.74716790337
2023-10-07,7342.422433365065
2023-10-08,8544.916058706423
2023-10-09,21883.731705797036
2023-10-10,18656.762424713637
2023-10-11,30567.86702757338
2023-10-12,16389.901847158588
2023-10-13,18493.14201184533
2023-10-14,5871.836762675333
2023-10-15,10932.242056546227
2023-10-16,66078.91656150053
2023-10-17,26038.550162868283
2023-10-18,24105.966686399745
2023-10-19,25408.469171128894
2023-10-20,41807.42096092994
2023-10-21,15627.084157307425
2023-10-22,13813.746104187001
2023-10-23,69778.48186257559
2023-10-24,75462.37370974474
2023-10-25,42927.02582412168
2023-10-26,36550.86113149083
2023-10-27,30808.21527676605
2023-10-28,10903.380351451524
2023-10-29,13595.766535940824
2023-10-30,23932.82432998131
2023-10-31,21822.726812171484
2023-11-01,33605.068884778
2023-11-02,31390.597863917374
2023-11-03,27645.736608998894
2023-11-04,10763.624486798046
2023-11-05,15211.88265718631
2023-11-06,17507.909376489642
2023-11-07,28577.8079806673
2023-11-08,26309.606833148468
2023-11-09,62567.90613810867
2023-11-10,32314.899024449973
2023-11-11,14894.518800707121
2023-11-12,9319.585023473723
2023-11-13,24605.523979572674
2023-11-14,34311.61304608198
2023-11-15,37907.661690800305
2023-11-16,39497.336205375635
2023-11-17,28040.743790530963
2023-11-18,8636.983602063774
2023-11-19,11506.116902085767
2023-11-20,31013.81417794435
2023-11-21,44166.86469090616
2023-11-22,35676.1510680255
2023-11-23,16801.12378073727
2023-11-24,35047.712382658414
2023-11-25,8264.787202343161
2023-11-26,12765.945504576723
2023-11-27,24559.349844508004
2023-11-28,33453.178533341896
2023-11-29,27506.754471645636
2023-11-30,16890.319168143404
2023-12-01,32780.81801449309
2023-12-02,17156.799420563046
2023-12-03,15975.29910059621
2023-12-04,47931.8422140504
2023-12-05,50687.027902840295
2023-12-06,39195.43982946704
2023-12-07,30507.308069165734
2023-12-08,29252.649819694758
2023-12-09,15163.236426365986
2023-12-10,11504.511298609987
2023-12-11,59337.15147743768
2023-12-12,31487.02674273876
2023-12-13,35384.95731744994
2023-12-14,33946.75116266099
2023-12-15,25394.042187063355
2023-12-16,13500.053759582002
2023-12-17,18692.86286313085
2023-12-18,31949.650080761505
2023-12-19,31189.181585252987
2023-12-20,41354.75914422539
2023-12-21,29781.24892461563
2023-12-22,24633.59891737964
2023-12-23,10965.588347405548
2023-12-24,14443.973283899446
2023-12-25,14669.55535088828
2023-12-26,30524.004922229342
2023-12-27,27119.378235096276
2023-12-28,29334.7361321977
2023-12-29,34474.75556352572
2023-12-30,21493.18867020215
2023-12-31,21590.920185221712
2024-01-01,19003.158964251685
2024-01-02,57743.50772064432
2024-01-03,82443.51650601295
2024-01-04,49050.326087389396
2024-01-05,53606.52042683734
2024-01-06,16301.266025557234
2024-01-07,20116.901349325748
2024-01-08,63852.35731803812
2024-01-09,66856.73021659476
2024-01-10,78812.15858730748
2024-01-11,78503.35476100328
2024-01-12,90125.75102404549
2024-01-13,23023.533708970685
2024-01-14,22176.845218692804
2024-01-15,24618.589858714473
2024-01-16,36290.92186224812
2024-01-17,32827.22992695009
2024-01-18,45677.74663305453
2024-01-19,44781.77601790442
2024-01-20,13068.77954429629
2024-01-21,9202.78241681475
2024-01-22,57445.18768012959
2024-01-23,45283.522031304696
2024-01-24,36829.18516031739
2024-01-25,29148.069801666126
2024-01-26,42180.28162892443
2024-01-27,10553.784375043027
2024-01-28,16709.147719237135
2024-01-29,27358.169177004074
2024-01-30,34897.51369702242
2024-01-31,39853.06916894528
2024-02-01,28659.795910914447
2024-02-02,26688.217203996785
2024-02-03,7575.106488630571
2024-02-04,9640.647040735763
2024-02-05,24912.17057295329
2024-02-06,22423.578927032264
2024-02-07,29762.22923252285
2024-02-08,39407.30981747773
2024-02-09,50471.099821161326
2024-02-10,16340.499194023127
2024-02-11,19808.810989013717
2024-02-12,46436.64844641799
2024-02-13,41729.53838599677
2024-02-14,43454.943107028965
2024-02-15,43126.68583739116
2024-02-16,32220.92959242594
2024-02-17,17618.16071194249
2024-02-18,14624.91140200689
2024-02-19,19104.816202669615
2024-02-20,39229.18162912699
2024-02-21,32328.50759588972
2024-02-22,30692.170629804696
2024-02-23,26510.972671092404
2024-02-24,10631.452192076682
2024-02-25,12376.83688620569
2024-02-26,46785.325284517676
2024-02-27,62145.64104896306
2024-02-28,98737.96126056081
2024-02-29,85964.595090388
2024-03-01,52336.01543089398
2024-03-02,20265.487893222245
2024-03-03,20036.17640697628
2024-03-04,76395.6380429871
2024-03-05,129519.83677603214
2024-03-06,68039.05598227466
2024-03-07,41901.174918625424
2024-03-08,59268.8001275535
2024-03-09,16928.757719187823
2024-03-10,27810.59452624344
2024-03-11,62092.46880125988
2024-03-12,58405.905312423456
2024-03-13,41143.02658357187
2024-03-14,60614.51143848638
2024-03-15,72180.52581571769
2024-03-16,35180.049115736845
2024-03-17,28710.122835040725
2024-03-18,38499.51937199894
2024-03-19,78546.48651395694
2024-03-20,65827.44184118732
2024-03-21,38824.594892723246
2024-03-22,37543.050683524874
2024-03-23,19541.090158929648
2024-03-24,18649.77548021205
2024-03-25,45563.987607783754
2024-03-26,33136.993769129454
2024-03-27,40584.543621711746
2024-03-28,31278.869286534726
2024-03-29,17395.375081326143
2024-03-30,7409.742808522592
2024-03-31,10456.144428126687
2024-04-01,28785.023172537185
2024-04-02,49402.381221721356
2024-04-03,27809.724422003357
2024-04-04,36126.45037059392
2024-04-05,32712.045794366768
2024-04-06,11207.642626098494
2024-04-07,13718.484002121188
2024-04-08,36402.51624180364
2024-04-09,34887.55738217618
2024-04-10,36301.220172185356
2024-04-11,25116.530563103104
2024-04-12,50145.00336041859
2024-04-13,57629.87788403745
2024-04-14,39960.05379891384
2024-04-15,41899.63562514195
2024-04-16,35009.96973601129
2024-04-17,41818.859436450846
2024-04-18,31062.01294212674
2024-04-19,45786.13309446491
2024-04-20,13328.962894285727
2024-04-21,13152.388845526082
2024-04-22,22589.904507627336
2024-04-23,17605.947360734146
2024-04-24,29230.400072357832
2024-04-25,26563.94989198848
2024-04-26,20013.38394349985
2024-04-27,12606.173500704033
2024-04-28,10182.457768286968
2024-04-29,21466.090317027094
2024-04-30,41534.14777310475
2024-05-01,51726.77112670014
2024-05-02,29191.03449199739
2024-05-03,34124.692958948595
2024-05-04,16105.166817177691
2024-05-05,12554.627985008785
2024-05-06,24346.468944618548
2024-05-07,21282.817124750654
2024-05-08,18891.713645890697
2024-05-09,18083.035071796174
2024-05-10,25759.511150861268
2024-05-11,8312.752088307108
2024-05-12,8181.821095191251
2024-05-13,21097.809473006622
2024-05-14,26589.118784411898
2024-05-15,39626.64713301319
2024-05-16,24469.75303633549
2024-05-17,23150.531433297016
2024-05-18,8758.335779012414
2024-05-19,9813.72597737227
2024-05-20,36745.084151626004
2024-05-21,30934.80775969377
2024-05-22,23194.22689167051
2024-05-23,28291.223911659712
2024-05-24,18118.78304577223
2024-05-25,5949.178514900284
2024-05-26,5536.123560976629
2024-05-27,13114.107438832412
2024-05-28,22164.065946211114
2024-05-29,16404.59579669416
2024-05-30,20848.480988040443
2024-05-31,20000.211830518394
2024-06-01,4396.226325574115
2024-06-02,6740.3911265547595
2024-06-03,22901.41367348066
2024-06-04,29548.062227820265
2024-06-05,21727.42857683209
2024-06-06,16130.141169114771
2024-06-07,28737.06250278557
2024-06-08,5758.721401693823
2024-06-09,5128.24715785973
2024-06-10,12135.40134380597
2024-06-11,31815.768610122992
2024-06-12,31347.918397145662
2024-06-13,23234.613836992125
2024-06-14,24749.196315251327
2024-06-15,6137.752555303532
2024-06-16,6498.674405788606
2024-06-17,28838.649598318218
2024-06-18,35200.491002028604
2024-06-19,13520.802894867225
2024-06-20,22716.107270568093
2024-06-21,22269.560659701114
2024-06-22,5574.382911300793
2024-06-23,6588.221839565111
2024-06-24,48748.456122062125
2024-06-25,31498.401562805437
2024-06-26,23622.143070473492
2024-06-27,22480.274248135247
2024-06-28,24560.89882319397
2024-06-29,9206.275456651556
2024-06-30,12423.301362763033
2024-07-01,25828.646638586397
2024-07-02,20609.447511849565
2024-07-03,27479.071725745212
2024-07-04,41062.25985977482
2024-07-05,56469.9850018289
2024-07-06,18415.033430748776
2024-07-07,18853.06171164882
2024-07-08,43044.16529130083
2024-07-09,29158.30787186979
2024-07-10,28271.32972287252
2024-07-11,30155.269160530963
2024-07-12,27072.072751032225
2024-07-13,13830.12321069385
2024-07-14,19860.63524303435
2024-07-15,42507.02505483239
2024-07-16,38301.15919665817
2024-07-17,28565.661627348953
2024-07-18,21968.956751044796
2024-07-19,33203.9287880748
2024-07-20,12519.38898925702
2024-07-21,17881.170998187365
2024-07-22,26722.25163913354
2024-07-23,29701.10850058303
2024-07-24,21823.578006021522
2024-07-25,28917.48050156549
2024-07-26,24350.638380882967
2024-07-27,26528.48763669003
2024-07-28,11902.53849537198
2024-07-29,34320.25002478183
2024-07-30,24395.953827166017
2024-07-31,24781.542136899367
2024-08-01,36208.91450640051
2024-08-02,42351.81657020333
2024-08-03,26304.331153566753
2024-08-04,28653.22948491887
2024-08-05,115125.21922970576
2024-08-06,44128.05996342695
2024-08-07,40493.691590037815
2024-08-08,45928.52907758458
2024-08-09,32867.435107398065
2024-08-10,11902.879686719018
2024-08-11,18624.484648786718
2024-08-12,33144.78839114441
2024-08-13,28506.72829841017
2024-08-14,31661.341709136843
2024-08-15,35157.88709330474
2024-08-16,29005.633516641094
2024-08-17,9659.554324065673
2024-08-18,14204.334368939215
2024-08-19,23892.267957758264
2024-08-20,31806.132038514217
2024-08-21,37794.70111719971
2024-08-22,29058.145529630492
2024-08-23,40942.3998385028
2024-08-24,15266.815988340435
2024-08-25,12754.638456898989
2024-08-26,27365.553512817052
2024-08-27,40438.66369821336
2024-08-28,38135.279437025245
2024-08-29,34665.96742925913
2024-08-30,34900.44944895952
2024-08-31,8051.048313614177
2024-09-01,22650.086180484017
2024-09-02,23393.36832375845
2024-09-03,26947.414947051107
2024-09-04,42407.1972941338
2024-09-05,39137.29666354504
2024-09-06,70576.67450582742
2024-09-07,17078.257972907162
2024-09-08,19003.157732975236
2024-09-09,41812.61258868651
2024-09-10,33106.601775116
2024-09-11,55106.77108347818
2024-09-12,40823.453743433376
2024-09-13,39658.986008318665
2024-09-14,15050.000589703008
2024-09-15,19380.412581094675
2024-09-16,33117.84888767413
2024-09-17,40461.14782617633
2024-09-18,46986.583144208205
2024-09-19,46690.72548754904
2024-09-20,34615.7250252209
2024-09-21,12094.79177904136
2024-09-22,18728.87380229904
2024-09-23,27376.906424129214
2024-09-24,31818.479059814097
2024-09-25,24175.240930730193
2024-09-26,42959.14231752488
2024-09-27,36158.50123027292
2024-09-28,10365.554498367737
2024-09-29,11557.678012612942
2024-09-30,42837.16923955075
2024-10-01,68921.54462440078
2024-10-02,56102.50481911816
2024-10-03,50348.70340934064
2024-10-04,38575.65969595159
2024-10-05,10078.53171931506
2024-10-06,13346.511446829889
2024-10-07,41838.82983865576
2024-10-08,33654.095251715094
2024-10-09,38151.00833932764
2024-10-10,42367.388428208316
2024-10-11,35772.776866671724
2024-10-12,15625.88462131844
2024-10-13,16736.67214333807
2024-10-14,49644.0885095337
2024-10-15,51328.21982163788
2024-10-16,42017.683381175484
2024-10-17,31958.602710592837
2024-10-18,36775.77944609352
2024-10-19,7704.451229222625
2024-10-20,11943.249253342536
2024-10-21,36824.05299047747
2024-10-22,32414.93516591107
2024-10-23,32345.719577884003
2024-10-24,31457.86777656566
2024-10-25,44350.01268005822
2024-10-26,14122.977663265621
2024-10-27,12047.67568600197
2024-10-28,41515.33261886201
2024-10-29,57675.07736573251
2024-10-30,38289.05709536974
2024-10-31,39808.49687711606
2024-11-01,49363.3745840315
2024-11-02,10824.655831148048
2024-11-03,29509.207211539582
2024-11-04,43341.28385365706
2024-11-05,47198.18572304311
2024-11-06,113708.90805378434
2024-11-07,58389.398539377245
2024-11-08,48514.26750890876
2024-11-09,15748.403293245865
2024-11-10,56974.15074146367
2024-11-11,99660.29806178148
2024-11-12,117294.8015476734
2024-11-13,124318.97077918742
2024-11-14,83696.49683898139
2024-11-15,69774.77844806419
2024-11-16,27601.792807732105
2024-11-17,31057.06179634514
2024-11-18,66359.5428288381
2024-11-19,64872.16071374469
2024-11-20,69717.01676468893
2024-11-21,88165.55144573265
2024-11-22,74105.81843572964
2024-11-23,29187.776919029544
2024-11-24,29998.470484154986
2024-11-25,70241.32385670599
2024-11-26,77799.38714835684
2024-11-27,47249.905408445884
2024-11-28,24165.669402692012
2024-11-29,39824.94421722203
2024-11-30,12603.05796513468
2024-12-01,17062.914954870383
2024-12-02,52585.737588716845
2024-12-03,52471.3777082838
2024-12-04,58001.28823950372
2024-12-05,124069.70984449658
2024-12-06,56597.53713003377
2024-12-07,17293.757419011876
2024-12-08,17640.620486489697
2024-12-09,70352.11633309137
2024-12-10,68505.70377852276
2024-12-11,54168.469386551216
2024-12-12,47634.01564383272
2024-12-13,34429.05973847129
2024-12-14,16604.15222012772
2024-12-15,24496.102330352616
2024-12-16,60311.97381147186
2024-12-17,41129.214692481095
2024-12-18,77166.32277737804
2024-12-19,82272.22052975371
2024-12-20,83272.77176847296
2024-12-21,29903.897320901895
2024-12-22,29887.699192817225
2024-12-23,57214.17682072401
2024-12-24,40236.26763139264
2024-12-25,21609.653187636468
2024-12-26,38712.377067708585
2024-12-27,47569.824931143216
2024-12-28,14081.789302203118
2024-12-29,17999.651961500498
2024-12-30,57071.93486382227
2024-12-31,39189.60566249907
2025-01-01,19049.832108606923
2025-01-02,38121.244157436624
2025-01-03,28259.707017520617
2025-01-04,9898.63467404595
2025-01-05,9842.108405475024
2025-01-06,45502.3277038429
2025-01-07,55167.56481705077
2025-01-08,57657.04505999197
2025-01-09,50748.71852956062
2025-01-10,55090.82245962926
2025-01-11,9575.840106291691
2025-01-12,10872.176028380096
2025-01-13,66387.46291835833
2025-01-14,44168.74902314765
2025-01-15,42400.05110125436
2025-01-16,43158.185542666135
2025-01-17,53921.32887233094
2025-01-18,25214.829497741674
2025-01-19,42740.7981983659
2025-01-20,70566.76064110041
2025-01-21,82884.18406997048
2025-01-22,44410.28508403856
2025-01-23,94305.74144571529
2025-01-24,40370.473887504224
2025-01-25,11833.601219384693
2025-01-26,14325.19473901198
2025-01-27,92948.90369881288
2025-01-28,44530.52750821522
2025-01-29,46675.737058906256
2025-01-30,36832.85445998542
2025-01-31,42750.39582009641
2025-02-01,15859.707096222646
2025-02-02,56949.78062553793
2025-02-03,113394.42970123196
2025-02-04,64129.76800636188
2025-02-05,43168.79195821002
2025-02-06,45043.838067537814
2025-02-07,52575.79706323441
2025-02-08,12514.606792039314
2025-02-09,18569.46888520152
2025-02-10,28026.371524254562
2025-02-11,29233.718302837562
2025-02-12,39376.71279303182
2025-02-13,23142.711880481966
2025-02-14,20169.529651351142
2025-02-15,5831.380050926157
2025-02-16,6690.193205453837
2025-02-17,14595.720075130774
2025-02-18,26172.592181253145
2025-02-19,16940.272367656828
2025-02-20,20916.26996758169
2025-02-21,40862.13296873737
2025-02-22,11659.92278541643
2025-02-23,7458.325597574925
2025-02-24,32177.409663330567
2025-02-25,73055.73569692377
2025-02-26,60261.91951003929
2025-02-27,46418.67036727117
2025-02-28,77115.05087107758
2025-03-01,18330.797598110323
2025-03-02,46148.046586630546
2025-03-03,67836.64846194157
2025-03-04,64997.409980033335
2025-03-05,38160.1604765657
2025-03-06,39052.04679273463
2025-03-07,71411.56431869356
2025-03-08,10563.782747926936
2025-03-09,24187.135347975476
2025-03-10,56194.04693576838
2025-03-11,45162.16642291612
2025-03-12,32874.485181163865
2025-03-13,26057.288734177484
2025-03-14,27585.440026229982
2025-03-15,6075.055742264443
2025-03-16,13249.366641892439
2025-03-17,19850.15444690826
2025-03-18,20814.434416661006
2025-03-19,29937.705421594525
2025-03-20,25363.162277907457
2025-03-21,15784.668042461808
2025-03-22,4801.543515369455
2025-03-23,7350.1651397864625
2025-03-24,26293.98702852178
2025-03-25,23142.513650092576
2025-03-26,19693.33937988322
2025-03-27,16928.59074977909
2025-03-28,25508.27887088309
2025-03-29,11362.510532020022
2025-03-30,10191.736623342384
2025-03-31,22954.657558464114
2025-04-01,23039.119273903972
2025-04-02,42670.499109110395
2025-04-03,28084.36760078308
2025-04-04,36797.97297276026
2025-04-05,7454.752896799255
2025-04-06,30301.980604492503
2025-04-07,70081.94759110907
2025-04-08,40453.17389761472
2025-04-09,60095.790566266885
2025-04-10,31755.629328831288
2025-04-11,28927.961029429403
2025-04-12,14036.187240917665
2025-04-13,16423.8898768818
2025-04-14,24154.668702198916
2025-04-15,18510.542214876292
2025-04-16,22277.726418253613
2025-04-17,15172.487413268738
2025-04-18,1589.3110816654637
